{
    "no-name-in-module": {
        "CWE": "CWE-611",
        "name": "No name 'QApplication' in module 'PyQt5.QtWidgets'",
        "File": "main.py",
        "Line": "2",
        "At": "no-name-in-module"
    },
    "import-error": {
        "CWE": "CWE-611",
        "name": "Unable to import 'weather_app'",
        "File": "main.py",
        "Line": "3",
        "At": "import-error"
    },
    "broad-exception-caught": {
        "CWE": "CWE-611",
        "name": "Catching too general exception Exception",
        "File": "weather_service.py",
        "Line": "63",
        "At": "broad-exception-caught"
    },
    "attribute-defined-outside-init": {
        "CWE": "CWE-611",
        "name": "Attribute 'menu' defined outside __init__",
        "File": "user_settings.py",
        "Line": "81",
        "At": "attribute-defined-outside-init"
    },
    "no-else-return": {
        "CWE": "CWE-611",
        "name": "Unnecessary 'elif' after 'return', remove the leading 'el' from 'elif'",
        "File": "weather_app.py",
        "Line": "106",
        "At": "no-else-return"
    }
}
