{
    "missing-module-docstring": {
        "CWE": "CWE-611",
        "name": "Missing module docstring",
        "File": "main.py",
        "Line": "1",
        "At": "missing-module-docstring"
    },
    "line-too-long": {
        "CWE": "CWE-611",
        "name": "Line too long",
        "File": "weather.py",
        "Line": "2",
        "At": "line-too-long"
    },
    "missing-function-docstring": {
        "CWE": "CWE-611",
        "name": "Missing function or method docstring",
        "File": "weather.py",
        "Line": "12",
        "At": "missing-function-docstring"
    },
    "unspecified-encoding": {
        "CWE": "CWE-611",
        "name": "Using open without explicitly specifying an encoding",
        "File": "user_settings.py",
        "Line": "16",
        "At": "unspecified-encoding"
    },
    "too-many-arguments": {
        "CWE": "CWE-611",
        "name": "Too many arguments",
        "File": "weather_app.py",
        "Line": "79",
        "At": "too-many-arguments"
    },
    "too-many-instance-attributes": {
        "CWE": "CWE-611",
        "name": "Too many instance attributes",
        "File": "user_settings.py",
        "Line": "54",
        "At": "too-many-instance-attributes"
    },
    "unused-import": {
        "CWE": "CWE-611",
        "name": "Unused import",
        "File": "user_settings.py",
        "Line": "2",
        "At": "unused-import"
    },
    "missing-timeout": {
        "CWE": "CWE-611",
        "name": "Missing timeout argument for method 'requests.get'",
        "File": "weather_service.py",
        "Line": "25",
        "At": "missing-timeout"
    }
}
